{"train/entropy_loss":-2.0479095,"train/value_loss":0.00010069199,"_timestamp":1.7521447362463362e+09,"rollout/ep_len_mean":5.29,"time/fps":1148,"global_step":200704,"_step":1264,"train/clip_fraction":0.04609375,"_wandb":{"runtime":177},"train/policy_gradient_loss":-0.0024054085,"rollout/ep_rew_mean":-0.55596584,"train/clip_range":0.1,"train/loss":-0.052690517,"train/learning_rate":0.0001,"train/explained_variance":0.97881097,"train/approx_kl":0.0013075497,"train/std":0.7022488,"_runtime":177.9361361}